{
  "timing_benchmarks": {
    "description": "Wall-clock execution time for each method",
    "data": [
      {
        "method": "Ground Truth",
        "mean_time": 0.12632908340892754,
        "std_time": 0.0010853477844592644,
        "min_time": 0.12464787502540275,
        "max_time": 0.12849954201374203,
        "n_points": 5000,
        "times": [
          0.12849954201374203,
          0.12613375001819804,
          0.1263212920166552,
          0.12719395803287625,
          0.12464787502540275,
          0.12561137496959418,
          0.12721504201181233,
          0.12687674997141585,
          0.12515733303735033,
          0.12563391699222848
        ],
        "speedup_vs_gt": 1.0,
        "speedup_vs_inst": 0.4507922416422606,
        "relative_cost": 2.218316793467753,
        "config": "0.2 ms (short)",
        "t_end_ms": 0.2
      },
      {
        "method": "Instantaneous",
        "mean_time": 0.05694817069452256,
        "std_time": 0.001204328698956228,
        "min_time": 0.05583004100481048,
        "max_time": 0.05966474994784221,
        "n_points": 1000,
        "times": [
          0.05966474994784221,
          0.05695379100507125,
          0.056773000047542155,
          0.0586979579529725,
          0.05672937503550202,
          0.05682129197521135,
          0.056104666960891336,
          0.05583004100481048,
          0.05583712499355897,
          0.05606970802182332
        ],
        "speedup_vs_gt": 2.218316793467753,
        "speedup_vs_inst": 1.0,
        "relative_cost": 1.0,
        "config": "0.2 ms (short)",
        "t_end_ms": 0.2
      },
      {
        "method": "Averaging",
        "mean_time": 0.02571025841170922,
        "std_time": 0.0007671639204782753,
        "min_time": 0.024981750000733882,
        "max_time": 0.027611709025222808,
        "n_points": 333,
        "times": [
          0.02602387499064207,
          0.025070167030207813,
          0.02505474997451529,
          0.025594083010219038,
          0.024981750000733882,
          0.025200792006216943,
          0.025934791017789394,
          0.026292750029824674,
          0.027611709025222808,
          0.02533791703172028
        ],
        "speedup_vs_gt": 4.913567237869282,
        "speedup_vs_inst": 2.2149979896190644,
        "relative_cost": 0.4514676783846563,
        "config": "0.2 ms (short)",
        "t_end_ms": 0.2
      },
      {
        "method": "Ground Truth",
        "mean_time": 0.5648869999044109,
        "std_time": 0.0031703658733933213,
        "min_time": 0.5602416670299135,
        "max_time": 0.571213458024431,
        "n_points": 10000,
        "times": [
          0.5682608329807408,
          0.5637186249950901,
          0.5628324169665575,
          0.5607399590080604,
          0.5602416670299135,
          0.5668675830238499,
          0.571213458024431,
          0.5642779159825295,
          0.5653195830527693,
          0.5653979579801671
        ],
        "speedup_vs_gt": 1.0,
        "speedup_vs_inst": 0.16693770190526322,
        "relative_cost": 5.990258573030422,
        "config": "1 ms (medium)",
        "t_end_ms": 1.0
      },
      {
        "method": "Instantaneous",
        "mean_time": 0.094300937600201,
        "std_time": 0.0009041546198953648,
        "min_time": 0.09312508400762454,
        "max_time": 0.09652908402495086,
        "n_points": 2000,
        "times": [
          0.09378979197936133,
          0.09434762498131022,
          0.09652908402495086,
          0.09312508400762454,
          0.09467087499797344,
          0.09410966600989923,
          0.09381462499732152,
          0.09389304200885817,
          0.0950647079735063,
          0.09366487502120435
        ],
        "speedup_vs_gt": 5.990258573030422,
        "speedup_vs_inst": 1.0,
        "relative_cost": 1.0,
        "config": "1 ms (medium)",
        "t_end_ms": 1.0
      },
      {
        "method": "Averaging",
        "mean_time": 0.050369812501594426,
        "std_time": 0.0008332883044196577,
        "min_time": 0.049772541038692,
        "max_time": 0.05268924997653812,
        "n_points": 666,
        "times": [
          0.05087849998380989,
          0.05011800001375377,
          0.050478999968618155,
          0.04997629194986075,
          0.05268924997653812,
          0.049772541038692,
          0.04993962502339855,
          0.04995200003031641,
          0.04993833298794925,
          0.049954584043007344
        ],
        "speedup_vs_gt": 11.214792588051221,
        "speedup_vs_inst": 1.8721717019934503,
        "relative_cost": 0.5341390423406253,
        "config": "1 ms (medium)",
        "t_end_ms": 1.0
      },
      {
        "method": "Ground Truth",
        "mean_time": 2.669603549799649,
        "std_time": 0.07821828414434973,
        "min_time": 2.610866708040703,
        "max_time": 2.8428928750217892,
        "n_points": 25000,
        "times": [
          2.6185247499961406,
          2.6374527500011027,
          2.6119609579909593,
          2.6485086669563316,
          2.611771875002887,
          2.610866708040703,
          2.645526416017674,
          2.6710002080071718,
          2.7975302909617312,
          2.8428928750217892
        ],
        "speedup_vs_gt": 1.0,
        "speedup_vs_inst": 0.08395286974892917,
        "relative_cost": 11.91144511188976,
        "config": "5 ms (long)",
        "t_end_ms": 5.0
      },
      {
        "method": "Instantaneous",
        "mean_time": 0.22412087909760886,
        "std_time": 0.011277875465542982,
        "min_time": 0.21128029201645404,
        "max_time": 0.25160045799566433,
        "n_points": 5000,
        "times": [
          0.2155734999687411,
          0.2149292500107549,
          0.22605491598369554,
          0.22683683299692348,
          0.2192013330059126,
          0.2296213749796152,
          0.23100866697495803,
          0.25160045799566433,
          0.21510216704336926,
          0.21128029201645404
        ],
        "speedup_vs_gt": 11.91144511188976,
        "speedup_vs_inst": 1.0,
        "relative_cost": 1.0,
        "config": "5 ms (long)",
        "t_end_ms": 5.0
      },
      {
        "method": "Averaging",
        "mean_time": 0.17122808750136756,
        "std_time": 0.010878278512154617,
        "min_time": 0.16078495798865333,
        "max_time": 0.2002458330243826,
        "n_points": 1666,
        "times": [
          0.1750353749957867,
          0.1657811669865623,
          0.16088475001743063,
          0.17437516700010747,
          0.17105212499154732,
          0.17132891697110608,
          0.16989587503485382,
          0.1628967080032453,
          0.16078495798865333,
          0.2002458330243826
        ],
        "speedup_vs_gt": 15.590920793169095,
        "speedup_vs_inst": 1.3089025426147964,
        "relative_cost": 0.7639988214877317,
        "config": "5 ms (long)",
        "t_end_ms": 5.0
      }
    ],
    "key_finding": "Averaging achieves 0.58x relative cost"
  },
  "Q_factor_analysis": {
    "description": "How Q factor affects method selection",
    "data": [
      {
        "Q": 5,
        "Rs": 11.535863887756623,
        "tau_us": 17.344171355242086,
        "omega_r": 576.5625693600872,
        "crossover_time_ms": null,
        "crossover_periods": null,
        "inst_better_frac": 0.846,
        "avg_better_frac": 0.154,
        "mean_err_inst": 5.4029062257632284e-05,
        "mean_err_avg": 0.010077175346829604
      },
      {
        "Q": 10,
        "Rs": 5.767931943878311,
        "tau_us": 34.68834271048417,
        "omega_r": 576.5625693600872,
        "crossover_time_ms": null,
        "crossover_periods": null,
        "inst_better_frac": 0.8413333333333333,
        "avg_better_frac": 0.15866666666666668,
        "mean_err_inst": 9.565049449487747e-05,
        "mean_err_avg": 0.017791915349761836
      },
      {
        "Q": 15,
        "Rs": 3.8452879625855414,
        "tau_us": 52.03251406572625,